{"474.4261473088957": 97.9, "476.7932167975248": 98.25, "484.09163274992454": 99.25, "486.11448924325475": 99.5, "486.160579968144": 99.5, "489.2971798186203": 99.8, "492.74634322900005": 99.95}