{"474.43394696963844": 97.9, "476.7985029577627": 98.25, "484.0970225389693": 99.25, "486.117819390887": 99.5, "486.16422754175693": 99.5, "489.3044492063823": 99.8, "492.7543704626121": 99.95}