{"472.9434556": 97.1, "474.3095426": 97.6, "474.4830278": 97.65, "474.8761159": 97.75, "479.1886369": 98.35, "480.5244512": 98.65, "481.3011994": 98.8, "481.5589408": 98.85, "482.3504945": 98.95, "483.2642495": 99.1, "484.7109496": 99.35, "484.8210798": 99.35, "485.2598995": 99.4, "485.562537": 99.4, "485.9736938": 99.55, "486.3933384": 99.55, "487.0171814": 99.65, "487.6591314": 99.7, "487.8322627": 99.75, "488.579647": 99.8, "488.9343603": 99.8, "489.805496": 99.9, "490.0477905": 99.9, "490.1840297": 99.95, "492.5141837": 99.95}