{"474.3098718": 97.6, "474.48441": 97.65, "474.8748399": 97.75, "479.1884331": 98.35, "480.526102": 98.65, "481.3005921": 98.8, "481.5595181": 98.85, "483.2642741": 99.1, "484.711009": 99.35, "484.8207338": 99.35, "485.2553459": 99.4, "485.4113683": 99.45, "485.9742377": 99.55, "486.3941564": 99.55, "487.0135314": 99.65, "487.6516089": 99.7, "487.8285229": 99.75, "488.5736037": 99.8, "488.9269889": 99.8, "489.8039981": 99.9, "490.0464401": 99.9, "490.1824242": 99.95, "492.5140863": 99.95}