{"1": {"a": 0.06210131325447826, "b": 51.24280397294664}, "2": {"a": 0.06429585424344834, "b": 56.459673404983725}, "3": {"a": 0.07950585929427044, "b": 69.11050106825212}, "4": {"a": 0.06373625742025664, "b": 57.63360457188114}, "6": {"a": 0.09222094899624708, "b": 65.37857503704184}, "7": {"a": 0.054120873432876075, "b": 55.53866396671558}, "8": {"a": 0.10710031027985553, "b": 62.38360366613874}, "9": {"a": 0.057584515541855216, "b": 58.144263808312004}, "10": {"a": 0.057665649017194974, "b": 58.188722925568406}, "11": {"a": 0.05792246594378184, "b": 73.90547322766554}, "12": {"a": 0.05070123251149347, "b": 55.30815663278033}, "13": {"a": 0.0650687727258546, "b": 51.07182324146017}, "14": {"a": 0.0634380344332954, "b": 65.83843687042484}, "15": {"a": 0.10495367764954722, "b": 68.7022142313828}, "16": {"a": 0.08201481222274395, "b": 54.01145861442488}, "17": {"a": 0.07169242469034742, "b": 48.07084486041874}, "18": {"a": 0.06902634006027471, "b": 54.26981695748352}, "19": {"a": 0.0737384405840247, "b": 52.97000194667633}, "20": {"a": 0.07070181349798295, "b": 54.12699120617515}, "21": {"a": 0.050450803113267335, "b": 66.30844547993628}, "22": {"a": 0.053604844019648226, "b": 57.90168772002209}, "23": {"a": 0.09587445899352726, "b": 53.66998990751415}, "25": {"a": 0.05212768614189738, "b": 56.443540104136964}, "26": {"a": 0.06576782346100069, "b": 52.451159677151885}, "27": {"a": 0.10614851480372817, "b": 57.5552328043352}, "29": {"a": 0.05300086031973681, "b": 56.72079795008898}, "31": {"a": 0.07940042287188044, "b": 53.35879331689977}, "32": {"a": 0.06159915001936122, "b": 48.90298999883523}, "33": {"a": 0.04890416735754308, "b": 46.911622947053466}, "35": {"a": 0.05815726640844851, "b": 52.59512840590967}, "36": {"a": 0.07762158506315224, "b": 55.63399501182809}, "37": {"a": 0.07770198482072303, "b": 63.15593816222482}, "38": {"a": 0.0740158831849973, "b": 44.754306418797455}, "40": {"a": 0.07317255247848549, "b": 57.96389071388197}, "41": {"a": 0.06825284334518295, "b": 64.17496606306126}, "42": {"a": 0.06511876671810159, "b": 67.12677712882711}, "44": {"a": 0.07486472237734025, "b": 70.94835934175202}, "45": {"a": 0.06914139844084033, "b": 51.05766639800365}, "46": {"a": 0.056823242419450665, "b": 60.41003582318292}, "47": {"a": 0.11031686127938582, "b": 62.944456960647976}, "49": {"a": 0.07899465775913768, "b": 65.71158874211213}, "52": {"a": 0.08842099805621477, "b": 52.24452170409971}, "53": {"a": 0.08297923214082047, "b": 43.10249693904101}, "54": {"a": 0.06861499475699075, "b": 53.19059229685034}, "55": {"a": 0.05264584864124326, "b": 54.82157715575227}, "56": {"a": 0.05160856082934092, "b": 58.1418446025978}, "136": {"a": 0.07787907518322967, "b": 54.4095087700034}, "138": {"a": 0.07000857858848612, "b": 41.54373718777982}, "141": {"a": 0.07002859656084433, "b": 64.37133853358654}}