{"338.4431192": 73.9, "392.5186316": 83.5, "395.2252837": 83.95, "432.119508": 90.4, "434.825507": 90.85, "440.3119539": 91.8, "443.4245991": 92.4, "450.9199953": 93.75, "463.1566057": 95.9, "463.8950972": 96.0, "465.4623627": 96.3, "466.2338099": 96.4, "466.9581057": 96.65, "476.9080066": 98.2, "477.1951193": 98.25, "479.9692553": 98.7, "480.7837658": 98.85, "481.2402614": 98.9, "481.3133021": 98.95, "481.795909": 99.0, "481.9115173": 99.0, "482.3286542": 99.05, "482.4524291": 99.1, "482.5060896": 99.1, "482.9307595": 99.15, "483.0198891": 99.2, "483.2095117": 99.25, "483.6970858": 99.3, "484.0463229": 99.35, "484.274139": 99.4, "484.6964525": 99.45, "485.161871": 99.55, "485.5637553": 99.55, "485.6659473": 99.6, "485.9972263": 99.6, "486.1653281": 99.65, "486.5950653": 99.65, "486.9104892": 99.7, "486.9207393": 99.7, "487.4649286": 99.8, "487.8768213": 99.8, "487.9917808": 99.85, "488.5565849": 99.85, "488.6322178": 99.9, "489.2448648": 99.9, "489.8873642": 99.95, "492.5025677": 99.95}