{"338.4383602": 73.9, "392.5216306": 83.5, "395.228831": 83.95, "432.1198312": 90.4, "434.8266491": 90.85, "440.3080262": 91.8, "443.4210028": 92.4, "450.9221875": 93.75, "463.1596373": 95.9, "463.8953614": 96.0, "465.4586475": 96.3, "466.9582269": 96.65, "476.905285": 98.2, "477.1940739": 98.25, "479.9653445": 98.7, "480.777042": 98.85, "481.2341065": 98.9, "481.7966914": 99.0, "481.9056523": 99.0, "482.3293392": 99.05, "482.450803": 99.1, "482.5053635": 99.1, "483.0150511": 99.2, "483.6960802": 99.3, "484.0446236": 99.35, "484.2726432": 99.4, "484.690599": 99.45, "485.1595133": 99.55, "485.5571955": 99.55, "485.7532312": 99.6, "485.9925149": 99.6, "486.1625739": 99.65, "486.5941027": 99.65, "486.9078472": 99.7, "486.9178738": 99.7, "487.4619489": 99.8, "487.8751728": 99.8, "487.9902795": 99.85, "488.5522272": 99.85, "488.6271028": 99.9, "489.0348844": 99.9, "489.8821014": 99.95, "492.5040825": 99.95}